feature,importance_rf
med_income,0.46503669722997104
lon,0.15767951025108118
lat,0.14814057369101108
population,0.05744734069153816
med_age,0.05492698772563801
total_rooms,0.04884086801324887
total_beds,0.03518166422858912
households,0.03274635816892247
