feature,importance_rf
frequency,0.48465717041064116
suction-side-displacement-thickness,0.1963082452862261
attack-angle,0.14619485358349163
chord-length,0.12840603803724396
free-stream-velocity,0.04443369268239713
