feature,importance_rf
u4,0.24649015288480666
u3,0.17922719368320192
u5,0.15232716131107066
u1,0.12025298634702601
u7,0.10741512704200536
u6,0.10099079119751307
u2,0.09329658753437635
