feature,importance_rf
AT,0.5004896378958834
V,0.31245994034817537
AP,0.12080901802254009
RH,0.06624140373340116
